CRASH DATE,CRASH TIME,BOROUGH,ZIP CODE,LATITUDE,LONGITUDE,LOCATION,ON STREET NAME,CROSS STREET NAME,OFF STREET NAME,NUMBER OF PERSONS INJURED,NUMBER OF PERSONS KILLED,NUMBER OF PEDESTRIANS INJURED,NUMBER OF PEDESTRIANS KILLED,NUMBER OF CYCLIST INJURED,NUMBER OF CYCLIST KILLED,NUMBER OF MOTORIST INJURED,NUMBER OF MOTORIST KILLED,CONTRIBUTING FACTOR VEHICLE 1,CONTRIBUTING FACTOR VEHICLE 2,CONTRIBUTING FACTOR VEHICLE 3,CONTRIBUTING FACTOR VEHICLE 4,CONTRIBUTING FACTOR VEHICLE 5,COLLISION_ID,VEHICLE TYPE CODE 1,VEHICLE TYPE CODE 2,VEHICLE TYPE CODE 3,VEHICLE TYPE CODE 4,VEHICLE TYPE CODE 5
04/01/2016,8:55,QUEENS,11103,40.76198,-73.91848,"(40.76198, -73.91848)",,,37-09     31 AVENUE                     ,1,0,0,0,1,0,0,0,Driver Inattention/Distraction,Unspecified,,,,3428900,Station Wagon/Sport Utility Vehicle,Bike,,,
04/01/2016,16:00,,,40.83401,-73.85348,"(40.83401, -73.85348)",,,WESTCHESTER AVENUE                      ,1,0,0,0,0,0,1,0,Unspecified,Unspecified,,,,3411882,4 dr sedan,Station Wagon/Sport Utility Vehicle,,,
04/01/2016,3:25,,,40.803387,-73.93505,"(40.803387, -73.93505)",E 125th St                      ,,,0,0,0,0,0,0,0,0,Unsafe Lane Changing,Unspecified,,,,3409809,Pick-up Truck,4 dr sedan,,,
04/01/2016,18:00,BRONX,10465,40.82793,-73.81587,"(40.82793, -73.81587)",,,658       VINCENT AVENUE                ,1,0,1,0,0,0,0,0,Unspecified,,,,,3412597,4 dr sedan,,,,
04/01/2016,19:20,BROOKLYN,11234,40.609867,-73.92239,"(40.609867, -73.92239)",,,5100      AVENUE U                      ,0,0,0,0,0,0,0,0,Unspecified,Unspecified,,,,3415617,4 dr sedan,4 dr sedan,,,
04/01/2016,12:50,MANHATTAN,10036,40.75838,-73.988945,"(40.75838, -73.988945)",,,694       8 AVENUE                      ,0,0,0,0,0,0,0,0,Unspecified,Unspecified,,,,3407306,Station Wagon/Sport Utility Vehicle,Station Wagon/Sport Utility Vehicle,,,
04/01/2016,15:41,,,40.619373,-74.1642,"(40.619373, -74.1642)",Staten Island Expy              ,,,0,0,0,0,0,0,0,0,Reaction to Uninvolved Vehicle,Following Too Closely,Following Too Closely,,,3430552,4 dr sedan,4 dr sedan,Station Wagon/Sport Utility Vehicle,,
04/01/2016,5:30,MANHATTAN,10029,40.79593,-73.93889,"(40.79593, -73.93889)",2 AVENUE                        ,EAST 115 STREET,,0,0,0,0,0,0,0,0,Unsafe Lane Changing,Unspecified,,,,3409448,2 dr sedan,,,,
04/01/2016,17:11,,,40.76187,-73.83898,"(40.76187, -73.83898)",Whitestone Expy                 ,,,0,0,0,0,0,0,0,0,Following Too Closely,Unspecified,,,,3426333,4 dr sedan,Station Wagon/Sport Utility Vehicle,,,
04/01/2016,9:40,BRONX,10452,40.83661,-73.92229,"(40.83661, -73.92229)",,,1221      JEROME AVENUE                 ,0,0,0,0,0,0,0,0,Unspecified,Unspecified,,,,3412265,Station Wagon/Sport Utility Vehicle,Station Wagon/Sport Utility Vehicle,,,
04/01/2016,14:35,QUEENS,11372,40.753536,-73.88405,"(40.753536, -73.88405)",,,34-15     83 STREET                     ,0,0,0,0,0,0,0,0,Unspecified,Unspecified,,,,3429380,4 dr sedan,4 dr sedan,,,
04/01/2016,12:06,,,40.62453,-74.14083,"(40.62453, -74.14083)",,,1578      FOREST AVENUE                 ,0,0,0,0,0,0,0,0,Driver Inattention/Distraction,Unspecified,,,,3430098,Station Wagon/Sport Utility Vehicle,Station Wagon/Sport Utility Vehicle,,,
04/01/2016,21:20,,,40.767647,-73.92078,"(40.767647, -73.92078)",,,31 STREET                               ,1,0,0,0,1,0,0,0,Traffic Control Disregarded,Unspecified,,,,3428913,4 dr sedan,Bike,,,
04/01/2016,13:00,BROOKLYN,11226,40.64598,-73.965324,"(40.64598, -73.965324)",,,159       MARLBOROUGH ROAD              ,0,0,0,0,0,0,0,0,Unspecified,Unspecified,,,,3417384,,,,,
04/01/2016,20:30,,,40.847385,-73.88948,"(40.847385, -73.88948)",,,CROTONA AVENUE                          ,2,0,0,0,0,0,2,0,Illnes,Unspecified,,,,3413672,2 dr sedan,Station Wagon/Sport Utility Vehicle,,,
04/01/2016,8:08,,,40.823914,-73.87644,"(40.823914, -73.87644)",Bruckner Expy                   ,,,0,0,0,0,0,0,0,0,Driver Inattention/Distraction,Unspecified,,,,3411027,4 dr sedan,Station Wagon/Sport Utility Vehicle,,,
04/01/2016,21:40,,,40.63874,-74.17124,"(40.63874, -74.17124)",,,85        HOLLAND AVENUE                ,0,0,0,0,0,0,0,0,Alcohol Involvement,Driver Inattention/Distraction,,,,3430109,fdny,4 dr sedan,,,
04/01/2016,9:30,QUEENS,11103,40.769485,-73.91503,"(40.769485, -73.91503)",,,34-16     ASTORIA BOULEVARD             ,0,0,0,0,0,0,0,0,Failure to Yield Right-of-Way,Unspecified,,,,3428899,4 dr sedan,Beverage Truck,,,
04/01/2016,18:30,QUEENS,11354,40.762207,-73.827324,"(40.762207, -73.827324)",38 AVENUE                       ,138 STREET,,0,0,0,0,0,0,0,0,Failure to Yield Right-of-Way,Failure to Yield Right-of-Way,,,,3426334,4 dr sedan,Station Wagon/Sport Utility Vehicle,,,
04/01/2016,0:15,MANHATTAN,10037,40.81551,-73.93564,"(40.81551, -73.93564)",,,2300      5 AVENUE                      ,0,0,0,0,0,0,0,0,Backing Unsafely,Unspecified,,,,3410378,4 dr sedan,Taxi,,,
04/01/2016,8:15,BROOKLYN,11203,40.66252,-73.935196,"(40.66252, -73.935196)",,,840       EAST NEW YORK AVENUE          ,0,0,0,0,0,0,0,0,Backing Unsafely,Unspecified,,,,3417732,Box Truck,4 dr sedan,,,
04/01/2016,19:30,BRONX,10473,40.808907,-73.85458,"(40.808907, -73.85458)",,,182       SOUND VIEW AVENUE             ,0,0,0,0,0,0,0,0,Unspecified,Unspecified,,,,3411896,Station Wagon/Sport Utility Vehicle,,,,
04/01/2016,12:24,QUEENS,11377,40.755695,-73.901566,"(40.755695, -73.901566)",,,32-14     61 STREET                     ,0,0,0,0,0,0,0,0,Passing Too Closely,Unspecified,,,,3428905,4 dr sedan,Station Wagon/Sport Utility Vehicle,,,
04/01/2016,14:30,BROOKLYN,11238,40.682495,-73.95682,"(40.682495, -73.95682)",,,18        JEFFERSON AVENUE              ,1,0,0,0,0,0,1,0,Unsafe Speed,Unspecified,Unspecified,Unspecified,Unspecified,3420086,Station Wagon/Sport Utility Vehicle,4 dr sedan,4 dr sedan,Station Wagon/Sport Utility Vehicle,2 dr sedan
04/01/2016,14:05,QUEENS,11419,40.682583,-73.82804,"(40.682583, -73.82804)",,,107-43    113 STREET                    ,0,0,0,0,0,0,0,0,Brakes Defective,Unspecified,,,,3424573,4 dr sedan,4 dr sedan,,,
04/01/2016,17:00,QUEENS,11436,40.66783,-73.79812,"(40.66783, -73.79812)",,,135-30    140 STREET                    ,0,0,0,0,0,0,0,0,Driver Inattention/Distraction,,,,,3428371,Station Wagon/Sport Utility Vehicle,,,,
04/01/2016,20:02,,,40.68812,-73.9117,"(40.68812, -73.9117)",,,EVERGREEN AVENUE                        ,1,0,0,0,0,0,1,0,Following Too Closely,Unspecified,,,,3420528,4 dr sedan,Pick-up Truck,,,
04/01/2016,16:41,,,40.732136,-73.92556,"(40.732136, -73.92556)",Brooklyn Queens Expy            ,,,0,0,0,0,0,0,0,0,Unspecified,Unspecified,,,,3421122,Sedan,Sedan,,,
04/01/2016,14:45,,,40.76208,-73.95475,"(40.76208, -73.95475)",Franklin D Roosevelt Dr         ,,,0,0,0,0,0,0,0,0,Unspecified,Unspecified,,,,3408700,,,,,
04/01/2016,14:00,,,40.888992,-73.8892,"(40.888992, -73.8892)",Major Deegan Expy               ,,,0,0,0,0,0,0,0,0,Driver Inattention/Distraction,Unspecified,,,,3412905,Station Wagon/Sport Utility Vehicle,4 dr sedan,,,
04/01/2016,22:55,QUEENS,11385,40.707596,-73.90398,"(40.707596, -73.90398)",,,2100      GATES AVENUE                  ,0,0,0,0,0,0,0,0,Unspecified,,,,,3423304,4 dr sedan,4 dr sedan,,,
04/01/2016,17:15,,,40.66956,-73.94492,"(40.66956, -73.94492)",Eastern Pkwy                    ,,,0,0,0,0,0,0,0,0,Following Too Closely,Unspecified,,,,3417735,Station Wagon/Sport Utility Vehicle,Station Wagon/Sport Utility Vehicle,,,
04/01/2016,9:05,,,40.71958,-73.75834,"(40.71958, -73.75834)",,,FRANCIS LEWIS BOULEVARD                 ,0,0,0,0,0,0,0,0,Passing Too Closely,Unspecified,,,,3422805,Bus,UNKNO,,,
04/01/2016,9:00,,,40.754192,-73.9328,"(40.754192, -73.9328)",,,38 AVENUE                               ,0,0,0,0,0,0,0,0,Failure to Yield Right-of-Way,Unspecified,,,,3428898,Station Wagon/Sport Utility Vehicle,4 dr sedan,,,
04/01/2016,11:04,BROOKLYN,11208,40.678745,-73.866844,"(40.678745, -73.866844)",,,1151      LIBERTY AVENUE                ,2,0,0,0,0,0,2,0,Unsafe Speed,Unspecified,,,,3418846,4 dr sedan,Box Truck,,,
04/01/2016,14:30,BRONX,10451,40.819008,-73.92712,"(40.819008, -73.92712)",,,555       GRAND CONCOURSE               ,0,0,0,0,0,0,0,0,Driver Inattention/Distraction,Driver Inattention/Distraction,,,,3412269,Station Wagon/Sport Utility Vehicle,4 dr sedan,,,
04/01/2016,23:50,MANHATTAN,10003,40.735695,-73.99286,"(40.735695, -73.99286)",,,35        EAST 14 STREET                ,0,0,0,0,0,0,0,0,Passenger Distraction,Alcohol Involvement,,,,3406948,Bus,4 dr sedan,,,
04/01/2016,9:28,,,40.748035,-73.969635,"(40.748035, -73.969635)",Queens Midtown Tunnel           ,,,0,0,0,0,0,0,0,0,Unspecified,Unspecified,Unspecified,,,3407813,Station Wagon/Sport Utility Vehicle,Station Wagon/Sport Utility Vehicle,,,
04/01/2016,18:00,MANHATTAN,10016,40.746677,-73.98041,"(40.746677, -73.98041)",,,120       EAST 34 STREET                ,0,0,0,0,0,0,0,0,Passing or Lane Usage Improper,Passing or Lane Usage Improper,,,,3407311,4 dr sedan,Bus,,,
04/01/2016,16:10,,,40.58517,-73.94494,"(40.58517, -73.94494)",,,SHORE PARKWAY                           ,0,0,0,0,0,0,0,0,Unsafe Speed,Unspecified,Unspecified,Unspecified,,3414909,Station Wagon/Sport Utility Vehicle,Station Wagon/Sport Utility Vehicle,4 dr sedan,Station Wagon/Sport Utility Vehicle,
04/01/2016,10:30,QUEENS,11377,40.743965,-73.89768,"(40.743965, -73.89768)",,,41-31     67 STREET                     ,0,0,0,0,0,0,0,0,Unspecified,,,,,3425703,Station Wagon/Sport Utility Vehicle,,,,
04/01/2016,16:00,BROOKLYN,11211,40.70923,-73.95356,"(40.70923, -73.95356)",,,344       SOUTH 3 STREET                ,0,0,0,0,0,0,0,0,Other Vehicular,Unspecified,,,,3421405,Station Wagon/Sport Utility Vehicle,,,,
04/01/2016,16:30,,,40.787045,-73.811714,"(40.787045, -73.811714)",Cross Island Pkwy               ,,,0,0,0,0,0,0,0,0,Following Too Closely,Unspecified,,,,3423918,,,,,
04/01/2016,14:40,QUEENS,11375,40.71131,-73.85635,"(40.71131, -73.85635)",,,96-10     METROPOLITAN AVENUE           ,0,0,0,0,0,0,0,0,Unsafe Lane Changing,Unsafe Lane Changing,,,,3427952,Van,4 dr sedan,,,
04/01/2016,15:35,BROOKLYN,11233,40.681103,-73.90877,"(40.681103, -73.90877)",SUMPTER STREET                  ,STONE AVENUE,,1,0,0,0,0,0,1,0,Following Too Closely,Unspecified,,,,3418377,4 dr sedan,4 dr sedan,,,
04/01/2016,17:30,BROOKLYN,11232,40.66449,-73.99723,"(40.66449, -73.99723)",,,668       3 AVENUE                      ,0,0,0,0,0,0,0,0,Turning Improperly,Unspecified,,,,3418035,Station Wagon/Sport Utility Vehicle,Station Wagon/Sport Utility Vehicle,,,
04/01/2016,15:00,BROOKLYN,11215,40.663837,-73.98081,"(40.663837, -73.98081)",,,1205      8 AVENUE                      ,0,0,0,0,0,0,0,0,Passing Too Closely,Unspecified,,,,3419801,4 dr sedan,Box Truck,,,
04/01/2016,13:00,BROOKLYN,11206,40.69916,-73.93201,"(40.69916, -73.93201)",,,92        JEFFERSON STREET              ,0,0,0,0,0,0,0,0,Oversized Vehicle,Unspecified,,,,3420529,Station Wagon/Sport Utility Vehicle,Tractor Truck Diesel,,,
04/01/2016,22:45,,,40.736553,-73.92961,"(40.736553, -73.92961)",Ramp                            ,,,0,0,0,0,0,0,0,0,Unspecified,Unspecified,,,,3425680,4 dr sedan,Taxi,,,
04/01/2016,23:39,MANHATTAN,10075,40.77421,-73.96124,"(40.77421, -73.96124)",,,100       EAST 77 STREET                ,0,0,0,0,0,0,0,0,Oversized Vehicle,Unspecified,,,,3408709,Tanker,,,,
04/01/2016,18:15,BROOKLYN,11211,40.703075,-73.95851,"(40.703075, -73.95851)",,,155       HEWES STREET                  ,0,0,0,0,0,0,0,0,Passing Too Closely,Unspecified,,,,3421390,4 dr sedan,Ambulance,,,
04/01/2016,19:23,,,40.619373,-74.1642,"(40.619373, -74.1642)",Staten Island Expy              ,,,0,0,0,0,0,0,0,0,Pavement Slippery,Pavement Slippery,Unspecified,,,3430554,4 dr sedan,4 dr sedan,4 dr sedan,,
04/01/2016,5:55,QUEENS,11385,40.708054,-73.902534,"(40.708054, -73.902534)",,,59-54     GATES AVENUE                  ,0,0,0,0,0,0,0,0,Traffic Control Disregarded,Unspecified,Unspecified,,,3423289,Station Wagon/Sport Utility Vehicle,4 dr sedan,Station Wagon/Sport Utility Vehicle,,
04/01/2016,6:33,,,40.7205,-73.943726,"(40.7205, -73.943726)",Bqe                             ,,,0,0,0,0,0,0,0,0,Following Too Closely,Unspecified,,,,3421752,Station Wagon/Sport Utility Vehicle,4 dr sedan,,,
04/01/2016,23:00,STATEN ISLAND,10307,40.513287,-74.24527,"(40.513287, -74.24527)",,,150       LEE AVENUE                    ,0,0,0,0,0,0,0,0,Unspecified,,,,,3430940,Station Wagon/Sport Utility Vehicle,Station Wagon/Sport Utility Vehicle,,,
04/01/2016,8:43,,,40.750786,-74.00564,"(40.750786, -74.00564)",,,WEST 26 STREET                          ,0,0,0,0,0,0,0,0,Backing Unsafely,Unspecified,,,,3406608,Station Wagon/Sport Utility Vehicle,DELIV,,,
04/01/2016,8:55,,,40.8047,-73.83141,"(40.8047, -73.83141)",BRONX WHITESTONE BRIDGE         ,,,1,0,0,0,0,0,1,0,Unspecified,Unspecified,,,,3412629,Sedan,Sedan,,,
04/01/2016,7:20,BROOKLYN,11222,40.72263,-73.94831,"(40.72263, -73.94831)",,,261       DRIGGS AVENUE                 ,1,0,0,0,1,0,0,0,Pedestrian/Bicyclist/Other Pedestrian Error/Confusion,Unspecified,,,,3421754,Station Wagon/Sport Utility Vehicle,Bike,,,
04/01/2016,19:13,MANHATTAN,10009,40.72289,-73.97974,"(40.72289, -73.97974)",AVENUE C                        ,EAST 5 STREET,,0,0,0,0,0,0,0,0,Aggressive Driving/Road Rage,Unspecified,,,,3406355,Station Wagon/Sport Utility Vehicle,Bike,,,
04/01/2016,17:05,QUEENS,11377,40.734463,-73.89225,"(40.734463, -73.89225)",,,71-24     CALAMUS AVENUE                ,0,0,0,0,0,0,0,0,Passing or Lane Usage Improper,Unspecified,,,,3423301,4 dr sedan,4 dr sedan,,,
04/01/2016,11:29,,,40.7711,-73.96594,"(40.7711, -73.96594)",,,EAST 71 STREET                          ,0,0,0,0,0,0,0,0,Passing Too Closely,Unspecified,,,,3408693,Box Truck,Station Wagon/Sport Utility Vehicle,,,
04/01/2016,16:29,BROOKLYN,11216,40.68158,-73.94984,"(40.68158, -73.94984)",,,504       NOSTRAND AVENUE               ,0,0,0,0,0,0,0,0,Backing Unsafely,Unspecified,,,,3420087,4 dr sedan,Station Wagon/Sport Utility Vehicle,,,
04/01/2016,8:00,QUEENS,11385,40.709393,-73.8696,"(40.709393, -73.8696)",,,80-36     COOPER AVENUE                 ,0,0,0,0,0,0,0,0,Unspecified,,,,,3423488,2 dr sedan,,,,
04/01/2016,13:50,BRONX,10462,40.84169,-73.86012,"(40.84169, -73.86012)",,,2000      EAST TREMONT AVENUE           ,0,0,0,0,0,0,0,0,Unspecified,Unspecified,,,,3411881,Station Wagon/Sport Utility Vehicle,Station Wagon/Sport Utility Vehicle,,,
04/01/2016,17:20,STATEN ISLAND,10301,40.61984,-74.10802,"(40.61984, -74.10802)",,,1063      CLOVE ROAD                    ,1,0,0,0,0,0,1,0,Driver Inattention/Distraction,Unspecified,,,,3429715,4 dr sedan,4 dr sedan,,,
04/01/2016,11:55,BROOKLYN,11216,40.672348,-73.950264,"(40.672348, -73.950264)",,,727       NOSTRAND AVENUE               ,0,0,0,0,0,0,0,0,Unspecified,Unspecified,,,,3419527,4 dr sedan,,,,
04/01/2016,13:45,,,40.70133,-73.98734,"(40.70133, -73.98734)",MANHATTAN BR UPPER              ,,,0,0,0,0,0,0,0,0,Unspecified,,,,,3405720,Station Wagon/Sport Utility Vehicle,Pick-up Truck,,,
04/01/2016,20:10,,,40.577366,-74.11145,"(40.577366, -74.11145)",,,SOUTH RAILROAD AVENUE                   ,0,0,0,0,0,0,0,0,Unspecified,Unspecified,,,,3430556,4 dr sedan,Station Wagon/Sport Utility Vehicle,,,
04/01/2016,6:50,,,40.66662,-73.835464,"(40.66662, -73.835464)",Belt Pkwy                       ,,,0,0,0,0,0,0,0,0,Reaction to Uninvolved Vehicle,Unspecified,,,,3423908,Station Wagon/Sport Utility Vehicle,4 dr sedan,,,
04/01/2016,22:30,QUEENS,11429,40.714138,-73.745476,"(40.714138, -73.745476)",,,99-16     213 STREET                    ,0,0,0,0,0,0,0,0,Failure to Yield Right-of-Way,Unspecified,,,,3423923,4 dr sedan,4 dr sedan,,,
04/01/2016,9:38,MANHATTAN,10003,40.730007,-73.99292,"(40.730007, -73.99292)",,,741       BROADWAY                      ,0,0,0,0,0,0,0,0,Following Too Closely,Unspecified,,,,3405961,Station Wagon/Sport Utility Vehicle,Sedan,,,
04/01/2016,21:20,BROOKLYN,11213,40.669495,-73.92643,"(40.669495, -73.92643)",,,1519      LINCOLN PLACE                 ,0,0,0,0,0,0,0,0,Unspecified,Unspecified,,,,3419534,4 dr sedan,4 dr sedan,4 dr sedan,,
04/01/2016,13:30,BROOKLYN,11210,40.61403,-73.94931,"(40.61403, -73.94931)",BEDFORD AVENUE                  ,AVENUE O,,1,0,0,0,0,0,1,0,Unspecified,Unspecified,,,,3417615,4 dr sedan,4 dr sedan,,,
04/01/2016,23:30,QUEENS,11370,40.77081,-73.890045,"(40.77081, -73.890045)",21 AVENUE                       ,81 STREET,,0,0,0,0,0,0,0,0,Unspecified,Unspecified,,,,3428916,Station Wagon/Sport Utility Vehicle,4 dr sedan,,,
04/01/2016,9:10,,,40.83247,-73.838,"(40.83247, -73.838)",Hutchinson River Pkwy           ,,,0,0,0,0,0,0,0,0,Pavement Slippery,Pavement Slippery,,,,3412593,Station Wagon/Sport Utility Vehicle,Station Wagon/Sport Utility Vehicle,,,
04/01/2016,14:15,,,40.757385,-73.98226,"(40.757385, -73.98226)",,,AVENUE OF THE AMERICAS                  ,0,0,0,0,0,0,0,0,Unspecified,Unspecified,,,,3408225,Box Truck,Box Truck,,,
04/01/2016,10:09,,,40.87047,-73.88001,"(40.87047, -73.88001)",,,DECATUR AVENUE                          ,0,0,0,0,0,0,0,0,Passing Too Closely,Unspecified,,,,3414299,Sedan,Refrigerated Van,,,
04/01/2016,17:51,BRONX,10460,40.834877,-73.885025,"(40.834877, -73.885025)",,,1670      LONGFELLOW AVENUE             ,0,0,0,0,0,0,0,0,Driver Inexperience,Unspecified,,,,3411586,4 dr sedan,4 dr sedan,,,
04/01/2016,14:30,,,40.63237,-74.15814,"(40.63237, -74.15814)",,,168       UNION AVENUE                  ,1,0,0,0,0,0,1,0,Driver Inattention/Distraction,Unspecified,,,,3430099,Station Wagon/Sport Utility Vehicle,4 dr sedan,,,
04/01/2016,12:50,,,40.893,-73.88386,"(40.893, -73.88386)",Major Deegan Expy               ,,,0,0,0,0,0,0,0,0,Driver Inattention/Distraction,Unspecified,,,,3412267,Pick-up Truck,2 dr sedan,,,
04/01/2016,8:25,,,40.830425,-73.86221,"(40.830425, -73.86221)",,,GLEASON AVENUE                          ,1,0,1,0,0,0,0,0,Unspecified,,,,,3411878,4 dr sedan,,,,
04/01/2016,1:35,,,40.71702,-73.830505,"(40.71702, -73.830505)",GRAND CENTRAL PKWY              ,,,0,0,0,0,0,0,0,0,Reaction to Uninvolved Vehicle,Following Too Closely,Following Too Closely,,,3427956,Station Wagon/Sport Utility Vehicle,Station Wagon/Sport Utility Vehicle,Station Wagon/Sport Utility Vehicle,,
04/01/2016,17:59,,,40.648712,-73.92423,"(40.648712, -73.92423)",EAST 56 STREET                  ,KINGS HIGHWAY,,2,0,0,0,0,0,2,0,Following Too Closely,Unspecified,,,,3416322,4 dr sedan,Station Wagon/Sport Utility Vehicle,,,
04/01/2016,14:50,QUEENS,11375,40.721653,-73.84541,"(40.721653, -73.84541)",,,107-10    QUEENS BOULEVARD              ,1,0,0,0,0,0,1,0,Failure to Yield Right-of-Way,Following Too Closely,,,,3427951,Station Wagon/Sport Utility Vehicle,4 dr sedan,,,
04/01/2016,18:00,,,40.725933,-73.90073,"(40.725933, -73.90073)",Long Island Expy                ,,,0,0,0,0,0,0,0,0,Driver Inattention/Distraction,Unspecified,,,,3427012,Station Wagon/Sport Utility Vehicle,Station Wagon/Sport Utility Vehicle,,,
04/01/2016,15:00,,,40.692627,-73.85724,"(40.692627, -73.85724)",,,87 STREET                               ,0,0,0,0,0,0,0,0,Unspecified,Unspecified,,,,3422336,Box Truck,4 dr sedan,,,
04/01/2016,13:30,BROOKLYN,11206,40.70029,-73.93257,"(40.70029, -73.93257)",,,1         GEORGE STREET                 ,0,0,0,0,0,0,0,0,Oversized Vehicle,Unspecified,,,,3420523,Tractor Truck Diesel,4 dr sedan,,,
04/01/2016,17:30,BRONX,10472,40.834095,-73.87505,"(40.834095, -73.87505)",,,1635      EAST 174 STREET               ,1,0,1,0,0,0,0,0,Unspecified,,,,,3411883,4 dr sedan,,,,
04/01/2016,13:15,BROOKLYN,11225,40.663517,-73.957214,"(40.663517, -73.957214)",EMPIRE BOULEVARD                ,BEDFORD AVENUE,,0,0,0,0,0,0,0,0,Driver Inattention/Distraction,Unspecified,,,,3417740,4 dr sedan,4 dr sedan,,,
04/01/2016,7:15,QUEENS,11372,40.75687,-73.872986,"(40.75687, -73.872986)",,,95-01     NORTHERN BOULEVARD            ,0,0,0,0,0,0,0,0,Driver Inattention/Distraction,Unspecified,,,,3429375,Station Wagon/Sport Utility Vehicle,Station Wagon/Sport Utility Vehicle,,,
04/01/2016,8:30,,,40.7681,-73.90512,"(40.7681, -73.90512)",Grand Central Pkwy              ,,,0,0,0,0,0,0,0,0,Fell Asleep,Unspecified,,,,3427443,2 dr sedan,Station Wagon/Sport Utility Vehicle,,,
04/01/2016,13:00,QUEENS,11368,40.746647,-73.86219,"(40.746647, -73.86219)",,,102-19    44 AVENUE                     ,0,0,0,0,0,0,0,0,Driver Inattention/Distraction,Traffic Control Disregarded,,,,3427005,Station Wagon/Sport Utility Vehicle,Station Wagon/Sport Utility Vehicle,,,
04/01/2016,0:15,,,40.61443,-74.039566,"(40.61443, -74.039566)",Belt Pkwy                       ,,,0,0,0,0,0,0,0,0,Unspecified,,,,,3414580,Convertible,,,,
04/01/2016,12:00,,,40.71603,-73.82359,"(40.71603, -73.82359)",135 STREET                      ,,,1,0,0,0,0,0,1,0,Reaction to Uninvolved Vehicle,Unspecified,,,,3425097,Station Wagon/Sport Utility Vehicle,Station Wagon/Sport Utility Vehicle,,,
04/01/2016,8:15,MANHATTAN,10019,40.76187,-73.97734,"(40.76187, -73.97734)",,,65        WEST 54 STREET                ,0,0,0,0,0,0,0,0,Passing Too Closely,Unspecified,,,,3408207,Station Wagon/Sport Utility Vehicle,Tow Truck / Wrecker,,,
04/01/2016,10:25,,,40.625423,-74.15136,"(40.625423, -74.15136)",,,FOREST AVENUE                           ,1,0,0,0,0,0,1,0,Driver Inattention/Distraction,Unspecified,,,,3430097,4 dr sedan,Station Wagon/Sport Utility Vehicle,,,
04/01/2016,7:55,BRONX,10463,40.87258,-73.90461,"(40.87258, -73.90461)",,,235       WEST KINGSBRIDGE ROAD         ,0,0,0,0,0,0,0,0,80,Unspecified,,,,3414019,Station Wagon/Sport Utility Vehicle,Station Wagon/Sport Utility Vehicle,,,
04/01/2016,19:20,BROOKLYN,11217,40.686085,-73.982666,"(40.686085, -73.982666)",ATLANTIC AVENUE                 ,NEVINS STREET,,0,0,0,0,0,0,0,0,Backing Unsafely,Passing or Lane Usage Improper,,,,3420791,4 dr sedan,4 dr sedan,,,
04/01/2016,17:30,,,40.61443,-74.039566,"(40.61443, -74.039566)",Belt Pkwy                       ,,,1,0,0,0,0,0,1,0,Following Too Closely,Unspecified,Unspecified,,,3416774,Station Wagon/Sport Utility Vehicle,4 dr sedan,4 dr sedan,,
04/01/2016,15:43,MANHATTAN,10028,40.779373,-73.95528,"(40.779373, -73.95528)",E 86th St                       ,,,0,0,0,0,0,0,0,0,Unsafe Speed,Unspecified,,,,3408702,4 dr sedan,Station Wagon/Sport Utility Vehicle,,,
04/01/2016,15:20,,,40.737545,-73.85039,"(40.737545, -73.85039)",Ramp                            ,,,0,0,0,0,0,0,0,0,Unsafe Lane Changing,Unspecified,,,,3427953,4 dr sedan,Box Truck,,,
04/01/2016,15:45,,,40.628635,-74.139404,"(40.628635, -74.139404)",,,54        BEEKMAN STREET                ,0,0,0,0,0,0,0,0,Aggressive Driving/Road Rage,Unspecified,,,,3430103,Pick-up Truck,4 dr sedan,,,
04/01/2016,21:30,,,40.774372,-73.92354,"(40.774372, -73.92354)",21-88 Hoyt Ave S                ,21 street,,1,0,0,0,0,0,1,0,Turning Improperly,Unspecified,,,,3428910,4 dr sedan,4 dr sedan,,,
04/01/2016,11:30,MANHATTAN,10021,40.77089,-73.95921,"(40.77089, -73.95921)",,,207       EAST 74 STREET                ,0,0,0,0,0,0,0,0,Unspecified,Unspecified,,,,3408695,Motorcycle,4 dr sedan,,,
04/01/2016,22:10,BROOKLYN,11206,40.701283,-73.94286,"(40.701283, -73.94286)",,,716       BROADWAY                      ,1,0,0,0,1,0,0,0,Driver Inattention/Distraction,Unspecified,,,,3421392,4 dr sedan,,,,
04/01/2016,18:00,QUEENS,11420,40.678837,-73.827194,"(40.678837, -73.827194)",112 STREET                      ,109 AVENUE,,1,0,0,0,0,0,1,0,Failure to Yield Right-of-Way,Failure to Yield Right-of-Way,,,,3424582,Sedan,Sedan,,,
04/01/2016,21:00,BROOKLYN,11222,40.726177,-73.95218,"(40.726177, -73.95218)",,,729       MANHATTAN AVENUE              ,0,0,0,0,0,0,0,0,Passing Too Closely,Unspecified,,,,3421759,Pick-up Truck,4 dr sedan,,,
04/01/2016,8:40,BROOKLYN,11206,40.71082,-73.94472,"(40.71082, -73.94472)",,,147       MAUJER STREET                 ,0,0,0,0,0,0,0,0,Passing Too Closely,Unspecified,,,,3421389,4 dr sedan,,,,
04/01/2016,18:20,,,40.785244,-73.953514,"(40.785244, -73.953514)",,,EAST 94 STREET                          ,0,0,0,0,0,0,0,0,Unspecified,,,,,3408706,Station Wagon/Sport Utility Vehicle,,,,
04/01/2016,0:00,MANHATTAN,10035,40.78905,-73.92723,"(40.78905, -73.92723)",,,600       EAST 125 STREET               ,0,0,0,0,0,0,0,0,Fell Asleep,Unspecified,,,,3409934,4 dr sedan,,,,
04/01/2016,11:00,QUEENS,11434,40.676548,-73.76838,"(40.676548, -73.76838)",BEDELL STREET                   ,133 AVENUE,,1,0,0,0,0,0,1,0,Turning Improperly,Unspecified,,,,3428366,Station Wagon/Sport Utility Vehicle,Sedan,,,
04/01/2016,13:00,,,40.68777,-73.98701,"(40.68777, -73.98701)",,,ATLANTIC AVENUE                         ,0,0,0,0,0,0,0,0,Passing or Lane Usage Improper,Passing Too Closely,,,,3420786,Station Wagon/Sport Utility Vehicle,Station Wagon/Sport Utility Vehicle,,,
04/01/2016,16:00,,,40.631157,-74.14692,"(40.631157, -74.14692)",,,WALKER STREET                           ,0,0,0,0,0,0,0,0,Failure to Yield Right-of-Way,Unspecified,,,,3430100,Station Wagon/Sport Utility Vehicle,4 dr sedan,,,
04/01/2016,17:30,BROOKLYN,11226,40.639874,-73.96512,"(40.639874, -73.96512)",,,403       RUGBY ROAD                    ,0,0,0,0,0,0,0,0,Unspecified,,,,,3417387,Station Wagon/Sport Utility Vehicle,,,,
04/01/2016,15:30,,,40.848392,-73.937675,"(40.848392, -73.937675)",,,BROADWAY                                ,0,0,0,0,0,0,0,0,Driver Inattention/Distraction,Unspecified,,,,3410575,Station Wagon/Sport Utility Vehicle,Station Wagon/Sport Utility Vehicle,,,
04/01/2016,8:22,,,40.642048,-74.07533,"(40.642048, -74.07533)",,,,0,0,0,0,0,0,0,0,Passing Too Closely,Unspecified,,,,3429719,Station Wagon/Sport Utility Vehicle,,,,
04/01/2016,13:00,BROOKLYN,11206,40.70115,-73.94013,"(40.70115, -73.94013)",,,811       FLUSHING AVENUE               ,0,0,0,0,0,0,0,0,Passing Too Closely,Unspecified,,,,3421387,Box Truck,4 dr sedan,,,
04/01/2016,12:25,QUEENS,11417,40.681778,-73.83689,"(40.681778, -73.83689)",,,104-30    104 STREET                    ,0,0,0,0,0,0,0,0,Unspecified,Unspecified,,,,3424572,Station Wagon/Sport Utility Vehicle,4 dr sedan,,,
04/01/2016,16:30,QUEENS,11418,40.69685,-73.815544,"(40.69685, -73.815544)",ATLANTIC AVENUE                 ,134 STREET,,1,0,0,0,0,0,1,0,Passing or Lane Usage Improper,Unspecified,,,,3422333,Station Wagon/Sport Utility Vehicle,4 dr sedan,,,
04/01/2016,16:18,MANHATTAN,10027,40.810093,-73.95309,"(40.810093, -73.95309)",WEST 124 STREET                 ,SAINT NICHOLAS AVENUE,,0,0,0,0,0,0,0,0,Turning Improperly,Unspecified,,,,3410148,Station Wagon/Sport Utility Vehicle,4 dr sedan,,,
04/01/2016,14:05,MANHATTAN,10027,40.81273,-73.956764,"(40.81273, -73.956764)",,,1320      AMSTERDAM AVENUE              ,0,0,0,0,0,0,0,0,Unsafe Lane Changing,Unspecified,,,,3410058,Station Wagon/Sport Utility Vehicle,van,,,
04/01/2016,18:00,BRONX,10472,40.831432,-73.87308,"(40.831432, -73.87308)",,,1284      METCALF AVENUE                ,0,0,0,0,0,0,0,0,Unspecified,Unspecified,,,,3411887,4 dr sedan,,,,
04/01/2016,16:10,MANHATTAN,10001,40.752235,-73.99149,"(40.752235, -73.99149)",,,247       WEST 35 STREET                ,1,0,0,0,1,0,0,0,Unspecified,Unspecified,,,,3407308,Bike,Van,,,
04/01/2016,21:00,,,40.744156,-73.771805,"(40.744156, -73.771805)",Long Island Expy                ,,,1,0,0,0,0,0,1,0,Unsafe Speed,Unspecified,Unspecified,,,3427453,Station Wagon/Sport Utility Vehicle,4 dr sedan,Station Wagon/Sport Utility Vehicle,,
04/01/2016,15:50,QUEENS,11356,40.78504,-73.8403,"(40.78504, -73.8403)",,,14-29     128 STREET                    ,0,0,0,0,0,0,0,0,Passing or Lane Usage Improper,Unspecified,,,,3426332,Station Wagon/Sport Utility Vehicle,Box Truck,,,
04/01/2016,9:42,,,40.683918,-74.00655,"(40.683918, -74.00655)",Hugh L Carey Tunnel             ,,,0,0,0,0,0,0,0,0,Passing or Lane Usage Improper,Unspecified,,,,3405338,PK,Sedan,,,
04/01/2016,16:00,,,40.66275,-73.77645,"(40.66275, -73.77645)",,,ROCKAWAY BOULEVARD                      ,3,0,0,0,0,0,3,0,Unspecified,Unspecified,Unspecified,Unspecified,,3423916,Station Wagon/Sport Utility Vehicle,Station Wagon/Sport Utility Vehicle,Station Wagon/Sport Utility Vehicle,Station Wagon/Sport Utility Vehicle,
04/01/2016,5:50,,,40.725933,-73.90073,"(40.725933, -73.90073)",Long Island Expy                ,,,1,0,0,0,0,0,1,0,Driver Inattention/Distraction,Unspecified,,,,3425093,Station Wagon/Sport Utility Vehicle,Tractor Truck Gasoline,,,
04/01/2016,15:10,,,40.61239,-74.13296,"(40.61239, -74.13296)",,,2084      VICTORY BOULEVARD             ,1,0,1,0,0,0,0,0,Driver Inattention/Distraction,,,,,3430104,Sedan,,,,
04/01/2016,19:00,,,40.833496,-73.86161,"(40.833496, -73.86161)",Cross Bronx Expy                ,,,0,0,0,0,0,0,0,0,80,Following Too Closely,,,,3411885,Station Wagon/Sport Utility Vehicle,Pick-up Truck,,,
04/01/2016,17:15,MANHATTAN,10036,40.74026,-74.005875,"(40.74026, -74.005875)",9 AVENUE                        ,WEST 42 STREET,,4,0,0,0,0,0,4,0,Passing or Lane Usage Improper,Unspecified,,,,3407341,Bus,4 dr sedan,,,
04/01/2016,17:00,,,40.683502,-73.91152,"(40.683502, -73.91152)",,,BROADWAY                                ,0,0,0,0,0,0,0,0,Failure to Yield Right-of-Way,Unspecified,,,,3420526,Box Truck,4 dr sedan,,,
04/01/2016,20:00,,,40.725933,-73.90073,"(40.725933, -73.90073)",Long Island Expy                ,,,0,0,0,0,0,0,0,0,Following Too Closely,Unspecified,,,,3427013,4 dr sedan,4 dr sedan,,,
04/01/2016,21:50,BROOKLYN,11216,40.685314,-73.95185,"(40.685314, -73.95185)",,,192       MONROE STREET                 ,0,0,0,0,0,0,0,0,Driver Inattention/Distraction,Unspecified,,,,3420090,Station Wagon/Sport Utility Vehicle,Station Wagon/Sport Utility Vehicle,,,
04/01/2016,8:45,,,40.752106,-73.94424,"(40.752106, -73.94424)",,,21 STREET                               ,0,0,0,0,0,0,0,0,Failure to Yield Right-of-Way,Unspecified,,,,3425669,Station Wagon/Sport Utility Vehicle,4 dr sedan,,,
04/01/2016,1:41,BROOKLYN,11220,40.64163,-74.0032,"(40.64163, -74.0032)",,,4908      8th Ave                       ,1,0,0,0,1,0,0,0,Failure to Yield Right-of-Way,Unspecified,,,,3418031,4 dr sedan,Bike,,,
04/01/2016,5:46,BRONX,10460,40.839268,-73.888626,"(40.839268, -73.888626)",,,887       CROTONA PARK NORTH            ,1,0,1,0,0,0,0,0,Driver Inattention/Distraction,,,,,3413669,4 dr sedan,,,,
04/01/2016,14:50,MANHATTAN,10013,40.718834,-74.00239,"(40.718834, -74.00239)",,,405       BROADWAY                      ,2,0,2,0,0,0,0,0,Backing Unsafely,,,,,3405335,4 dr sedan,,,,
04/01/2016,14:00,MANHATTAN,10001,40.7489,-73.984245,"(40.7489, -73.984245)",,,366       5 AVENUE                      ,0,0,0,0,0,0,0,0,Pavement Defective,Failure to Yield Right-of-Way,,,,3407310,Station Wagon/Sport Utility Vehicle,4 dr sedan,,,
04/01/2016,15:45,,,40.684513,-73.909386,"(40.684513, -73.909386)",,,BUSHWICK AVENUE                         ,0,0,0,0,0,0,0,0,Failure to Yield Right-of-Way,Unsafe Speed,,,,3420525,Station Wagon/Sport Utility Vehicle,,,,
04/01/2016,14:11,QUEENS,11419,40.68687,-73.82546,"(40.68687, -73.82546)",,,103-49    118 STREET                    ,0,0,0,0,0,0,0,0,Unspecified,,,,,3424583,4 dr sedan,4 dr sedan,,,
04/01/2016,15:30,QUEENS,11373,40.737156,-73.87941,"(40.737156, -73.87941)",QUEENS BOULEVARD                ,VANLOON STREET,,2,0,0,0,0,0,2,0,Following Too Closely,Unspecified,,,,3427011,Station Wagon/Sport Utility Vehicle,4 dr sedan,,,
04/01/2016,19:00,,,40.888992,-73.8892,"(40.888992, -73.8892)",Major Deegan Expy               ,,,0,0,0,0,0,0,0,0,Following Too Closely,Unspecified,,,,3414026,4 dr sedan,2 dr sedan,,,
04/01/2016,22:13,,,40.811367,-73.95402,"(40.811367, -73.95402)",,,MORNINGSIDE AVENUE                      ,0,0,0,0,0,0,0,0,Driver Inattention/Distraction,Unspecified,,,,3410060,4 dr sedan,4 dr sedan,,,
04/01/2016,22:00,,,40.854454,-73.919,"(40.854454, -73.919)",Major Deegan Expy               ,,,0,0,0,0,0,0,0,0,Turning Improperly,Unspecified,,,,3414266,Station Wagon/Sport Utility Vehicle,Station Wagon/Sport Utility Vehicle,,,
04/01/2016,21:00,QUEENS,11416,40.684547,-73.86073,"(40.684547, -73.86073)",,,94-08     80 STREET                     ,0,0,0,0,0,0,0,0,Unspecified,,,,,3422337,Station Wagon/Sport Utility Vehicle,,,,
04/01/2016,12:00,,,40.81701,-73.9595,"(40.81701, -73.9595)",,,WEST 125 STREET                         ,0,0,0,0,0,0,0,0,Following Too Closely,Unspecified,,,,3410059,Station Wagon/Sport Utility Vehicle,4 dr sedan,,,
04/01/2016,8:15,QUEENS,11366,40.72845,-73.78351,"(40.72845, -73.78351)",,,185-15    UNION TURNPIKE                ,0,0,0,0,0,0,0,0,80,Unspecified,,,,3425096,Station Wagon/Sport Utility Vehicle,Pick-up Truck,,,
04/01/2016,16:30,BROOKLYN,11216,40.683937,-73.954025,"(40.683937, -73.954025)",Bedford Ave                     ,,,0,0,0,0,0,0,0,0,Driver Inattention/Distraction,Unspecified,,,,3419530,4 dr sedan,4 dr sedan,,,
04/01/2016,10:45,STATEN ISLAND,10301,40.642048,-74.07533,"(40.642048, -74.07533)",,,1         RICHMOND TERRACE              ,0,0,0,0,0,0,0,0,Passing Too Closely,Unspecified,,,,3429722,4 dr sedan,,,,
04/01/2016,7:15,,,40.619373,-74.1642,"(40.619373, -74.1642)",Staten Island Expy              ,,,2,0,0,0,0,0,2,0,Driver Inattention/Distraction,Unspecified,Unspecified,Unspecified,,3430094,Pick-up Truck,Pick-up Truck,4 dr sedan,4 dr sedan,
04/01/2016,9:10,,,40.83247,-73.838,"(40.83247, -73.838)",Hutchinson River Pkwy           ,,,0,0,0,0,0,0,0,0,Pavement Slippery,,,,,3412592,Station Wagon/Sport Utility Vehicle,,,,
04/01/2016,15:25,,,40.758022,-73.981804,"(40.758022, -73.981804)",,,WEST 47 STREET                          ,0,0,0,0,0,0,0,0,Unspecified,Unspecified,,,,3408230,4 dr sedan,Station Wagon/Sport Utility Vehicle,,,
04/01/2016,11:30,MANHATTAN,10021,40.767117,-73.956505,"(40.767117, -73.956505)",EAST 71 STREET                  ,1 AVENUE,,0,0,0,0,0,0,0,0,Unspecified,Unspecified,,,,3408694,Sedan,Station Wagon/Sport Utility Vehicle,,,
04/01/2016,17:50,QUEENS,11694,40.582767,-73.83503,"(40.582767, -73.83503)",,,112-15    BEACH CHANNEL DRIVE           ,0,0,0,0,0,0,0,0,Driver Inattention/Distraction,Unspecified,,,,3421977,Station Wagon/Sport Utility Vehicle,Station Wagon/Sport Utility Vehicle,,,
04/01/2016,13:55,,,40.74759,-73.86854,"(40.74759, -73.86854)",,,JUNCTION BOULEVARD                      ,0,0,0,0,0,0,0,0,Failure to Yield Right-of-Way,Unspecified,,,,3427008,Station Wagon/Sport Utility Vehicle,TOWE,,,
04/01/2016,5:15,,,40.888992,-73.8892,"(40.888992, -73.8892)",Major Deegan Expy               ,,,1,0,0,0,0,0,1,0,Outside Car Distraction,,,,,3414040,Convertible,,,,
04/01/2016,7:55,,,40.89689,-73.86079,"(40.89689, -73.86079)",Bronx River Pkwy                ,,,2,0,0,0,0,0,2,0,Pavement Slippery,Driver Inattention/Distraction,Unspecified,,,3413670,Station Wagon/Sport Utility Vehicle,Pick-up Truck,Station Wagon/Sport Utility Vehicle,,
04/01/2016,2:00,MANHATTAN,10003,40.724575,-73.990616,"(40.724575, -73.990616)",,,27        2 AVENUE                      ,1,0,0,0,0,0,1,0,Passing or Lane Usage Improper,Unspecified,,,,3406349,4 dr sedan,Garbage or Refuse,,,
04/01/2016,8:30,,,40.7509,-73.99812,"(40.7509, -73.99812)",,,WEST 30 STREET                          ,0,0,0,0,0,0,0,0,Passing or Lane Usage Improper,Passing or Lane Usage Improper,,,,3406583,Flat Bed,Station Wagon/Sport Utility Vehicle,,,
04/01/2016,10:00,MANHATTAN,10038,40.70767,-74.00311,"(40.70767, -74.00311)",BEEKMAN STREET                  ,WATER STREET,,0,0,0,0,0,0,0,0,Unspecified,Unspecified,,,,3405346,,,,,
04/01/2016,17:25,QUEENS,11434,40.68301,-73.768364,"(40.68301, -73.768364)",,,123-22    MERRICK BOULEVARD             ,1,0,0,0,0,0,1,0,Following Too Closely,Unspecified,,,,3428369,2 dr sedan,4 dr sedan,,,
04/01/2016,22:50,MANHATTAN,10002,40.718525,-73.98536,"(40.718525, -73.98536)",,,90        CLINTON STREET                ,0,0,0,0,0,0,0,0,Driver Inattention/Distraction,Unspecified,,,,3406171,4 dr sedan,Sedan,,,
04/01/2016,16:00,BROOKLYN,11217,40.684498,-73.982735,"(40.684498, -73.982735)",,,272       DEAN STREET                   ,0,0,0,0,0,0,0,0,Driver Inattention/Distraction,Unspecified,,,,3420812,Station Wagon/Sport Utility Vehicle,Box Truck,,,
04/01/2016,18:40,QUEENS,11354,40.763584,-73.82811,"(40.763584, -73.82811)",,,36-04     UNION STREET                  ,0,0,0,0,0,0,0,0,Following Too Closely,Unspecified,,,,3426336,4 dr sedan,,,,
04/01/2016,13:15,,,40.81722,-73.91924,"(40.81722, -73.91924)",,,COURTLANDT AVENUE                       ,0,0,0,0,0,0,0,0,Unspecified,,,,,3411026,Station Wagon/Sport Utility Vehicle,,,,
04/01/2016,12:10,MANHATTAN,10021,40.767666,-73.955666,"(40.767666, -73.955666)",,,399       EAST 72 STREET                ,0,0,0,0,0,0,0,0,Unspecified,Unspecified,,,,3408696,Pick-up Truck,4 dr sedan,,,
04/01/2016,6:45,BROOKLYN,11207,40.657864,-73.89227,"(40.657864, -73.89227)",LINDEN BOULEVARD                ,SHEFFIELD AVENUE,,0,0,0,0,0,0,0,0,Driver Inattention/Distraction,Following Too Closely,,,,3418844,Tractor Truck Diesel,4 dr sedan,,,
04/01/2016,16:00,QUEENS,11428,40.716072,-73.754555,"(40.716072, -73.754555)",,,93-25     207 STREET                    ,0,0,0,0,0,0,0,0,Driver Inattention/Distraction,Unspecified,,,,3423936,Station Wagon/Sport Utility Vehicle,,,,
04/01/2016,18:00,,,40.560394,-74.120056,"(40.560394, -74.120056)",,,HYLAN BOULEVARD                         ,0,0,0,0,0,0,0,0,Unsafe Lane Changing,Unspecified,,,,3430553,4 dr sedan,Station Wagon/Sport Utility Vehicle,,,
04/01/2016,20:45,MANHATTAN,10025,40.805225,-73.96224,"(40.805225, -73.96224)",,,1090      AMSTERDAM AVENUE              ,0,0,0,0,0,0,0,0,Unspecified,,,,,3410061,Station Wagon/Sport Utility Vehicle,,,,
04/01/2016,12:20,BROOKLYN,11221,40.68956,-73.92811,"(40.68956, -73.92811)",,,765       QUINCY STREET                 ,0,0,0,0,0,0,0,0,Aggressive Driving/Road Rage,Unspecified,,,,3420305,4 dr sedan,4 dr sedan,,,
04/01/2016,16:50,QUEENS,11420,40.66614,-73.82326,"(40.66614, -73.82326)",NORTH CONDUIT AVENUE            ,118 STREET,,0,0,0,0,0,0,0,0,Following Too Closely,Unspecified,,,,3424584,Sedan,Sedan,,,
04/01/2016,17:30,,,40.619373,-74.1642,"(40.619373, -74.1642)",Staten Island Expy              ,,,2,0,0,0,0,0,0,0,Following Too Closely,Unspecified,Unspecified,,,3430108,,,,,
04/01/2016,6:30,,,40.7681,-73.90512,"(40.7681, -73.90512)",Grand Central Pkwy              ,,,0,0,0,0,0,0,0,0,Failure to Yield Right-of-Way,Following Too Closely,,,,3427949,4 dr sedan,,,,
04/01/2016,14:45,BROOKLYN,11226,40.6473,-73.95988,"(40.6473, -73.95988)",,,2016      ALBEMARLE ROAD                ,0,0,0,0,0,0,0,0,Unspecified,Unspecified,,,,3417422,2 dr sedan,Station Wagon/Sport Utility Vehicle,,,
04/01/2016,12:45,QUEENS,11354,40.760094,-73.82669,"(40.760094, -73.82669)",BOWNE STREET                    ,ROOSEVELT AVENUE,,1,0,1,0,0,0,0,0,Failure to Yield Right-of-Way,,,,,3426328,4 dr sedan,,,,
04/01/2016,7:40,MANHATTAN,10013,40.722786,-74.00966,"(40.722786, -74.00966)",GREENWICH STREET                ,VESTRY STREET,,0,0,0,0,0,0,0,0,Unspecified,Unspecified,,,,3405428,Taxi,Taxi,,,
04/01/2016,8:40,QUEENS,11374,40.7324,-73.868034,"(40.7324, -73.868034)",,,92-29     QUEENS BOULEVARD              ,0,0,0,0,0,0,0,0,Passing Too Closely,,,,,3427948,4 dr sedan,Bus,,,
04/01/2016,10:00,BROOKLYN,11206,40.705032,-73.933235,"(40.705032, -73.933235)",,,43        BOGART STREET                 ,0,0,0,0,0,0,0,0,Turning Improperly,Unspecified,,,,3421385,Pick-up Truck,4 dr sedan,,,
04/01/2016,20:15,MANHATTAN,10014,40.72992,-74.00493,"(40.72992, -74.00493)",,,10        7 AVENUE SOUTH                ,0,0,0,0,0,0,0,0,Failure to Yield Right-of-Way,Unspecified,,,,3405963,Station Wagon/Sport Utility Vehicle,4 dr sedan,,,
04/01/2016,23:41,BROOKLYN,11226,40.648045,-73.960625,"(40.648045, -73.960625)",,,601       OCEAN AVENUE                  ,0,0,0,0,0,0,0,0,Unspecified,Unspecified,,,,3417385,4 dr sedan,4 dr sedan,,,
04/01/2016,14:25,BRONX,10462,40.835724,-73.847946,"(40.835724, -73.847946)",,,2300      WESTCHESTER AVENUE            ,1,0,0,0,0,0,1,0,Driver Inattention/Distraction,Unspecified,,,,3412595,Sedan,,,,
04/01/2016,16:00,,,40.620712,-73.95764,"(40.620712, -73.95764)",,,EAST 18 STREET                          ,0,0,0,0,0,0,0,0,Unsafe Speed,Unspecified,Unspecified,,,3417383,4 dr sedan,4 dr sedan,,,
04/01/2016,6:30,,,40.67487,-74.00064,"(40.67487, -74.00064)",Gowanus Expy                    ,,,0,0,0,0,0,0,0,0,Following Too Closely,Unspecified,Unspecified,,,3419257,2 dr sedan,Pick-up Truck,4 dr sedan,,
04/01/2016,8:45,,,40.66662,-73.835464,"(40.66662, -73.835464)",Belt Pkwy                       ,,,0,0,0,0,0,0,0,0,Unspecified,Unspecified,,,,3423910,Station Wagon/Sport Utility Vehicle,Station Wagon/Sport Utility Vehicle,,,
04/01/2016,21:00,MANHATTAN,10011,40.74175,-74.00313,"(40.74175, -74.00313)",,,357       WEST 16 STREET                ,0,0,0,0,0,0,0,0,Passing Too Closely,Unspecified,,,,3406598,Carry All,Carry All,,,
04/01/2016,18:00,,,40.80499,-73.92017,"(40.80499, -73.92017)",Major Deegan Expy               ,,,1,0,0,0,0,0,1,0,Following Too Closely,Unspecified,,,,3414025,4 dr sedan,4 dr sedan,,,
04/01/2016,16:30,,,40.74934,-73.93741,"(40.74934, -73.93741)",Queens Plaza N & 28 Street      ,28 Street,,0,0,0,0,0,0,0,0,Unsafe Lane Changing,Unspecified,,,,3425677,4 dr sedan,4 dr sedan,,,
04/01/2016,19:10,MANHATTAN,10029,40.790623,-73.942444,"(40.790623, -73.942444)",2 AVENUE                        ,EAST 106 STREET,,0,0,0,0,0,0,0,0,Passing Too Closely,Unspecified,,,,3409453,Box Truck,4 dr sedan,,,
04/01/2016,0:00,MANHATTAN,10013,40.71826,-74.00068,"(40.71826, -74.00068)",,,113       LAFAYETTE STREET              ,0,0,0,0,0,0,0,0,Driver Inexperience,Unspecified,,,,3405723,Ambulance,4 dr sedan,,,
04/01/2016,5:20,,,40.619373,-74.1642,"(40.619373, -74.1642)",Staten Island Expy              ,,,1,0,0,0,0,0,1,0,Aggressive Driving/Road Rage,Aggressive Driving/Road Rage,,,,3430545,Pick-up Truck,Station Wagon/Sport Utility Vehicle,,,
04/01/2016,17:00,MANHATTAN,10036,40.757618,-73.985825,"(40.757618, -73.985825)",,,1515      BROADWAY                      ,0,0,0,0,0,0,0,0,Turning Improperly,Unspecified,,,,3407309,4 dr sedan,Armored Truck,,,
04/01/2016,20:00,,,40.67268,-73.953026,"(40.67268, -73.953026)",,,ROGERS AVENUE                           ,0,0,0,0,0,0,0,0,Failure to Yield Right-of-Way,Driver Inattention/Distraction,,,,3419542,Van,4 dr sedan,,,
04/01/2016,17:30,BROOKLYN,11222,40.730736,-73.94865,"(40.730736, -73.94865)",,,278       GREENPOINT AVENUE             ,0,0,0,0,0,0,0,0,Turning Improperly,Unspecified,,,,3421758,4 dr sedan,Station Wagon/Sport Utility Vehicle,,,
04/01/2016,15:30,,,40.62178,-74.17347,"(40.62178, -74.17347)",Staten Island Expy              ,,,0,0,0,0,0,0,0,0,Following Too Closely,Unspecified,,,,3430101,Station Wagon/Sport Utility Vehicle,Pick-up Truck,,,
04/01/2016,21:15,BROOKLYN,11238,40.670914,-73.9579,"(40.670914, -73.9579)",,,800       FRANKLIN AVENUE               ,0,0,0,0,0,0,0,0,Alcohol Involvement,Unspecified,,,,3419533,4 dr sedan,4 dr sedan,,,
04/01/2016,22:30,MANHATTAN,10001,40.74758,-73.99033,"(40.74758, -73.99033)",,,115       WEST 30 STREET                ,0,0,0,0,0,0,0,0,Unspecified,Unspecified,,,,3407312,4 dr sedan,4 dr sedan,,,
04/01/2016,9:00,QUEENS,11377,40.73602,-73.9116,"(40.73602, -73.9116)",Brooklyn Queens Expy            ,,,2,0,0,0,0,0,2,0,Following Too Closely,Unspecified,Unspecified,,,3428904,4 dr sedan,4 dr sedan,4 dr sedan,,
04/01/2016,14:10,,,40.888992,-73.8892,"(40.888992, -73.8892)",Major Deegan Expy               ,,,0,0,0,0,0,0,0,0,Reaction to Uninvolved Vehicle,Unspecified,,,,3414022,Station Wagon/Sport Utility Vehicle,Concrete Mixer,,,
04/01/2016,11:00,QUEENS,11101,40.749695,-73.93618,"(40.749695, -73.93618)",QUEENS PLAZA NORTH              ,29 STREET,,1,0,1,0,0,0,0,0,Driver Inattention/Distraction,,,,,3428901,Station Wagon/Sport Utility Vehicle,,,,
04/01/2016,23:00,QUEENS,11377,40.735462,-73.9019,"(40.735462, -73.9019)",,,51-03     64 STREET                     ,0,0,0,0,0,0,0,0,Backing Unsafely,Unspecified,,,,3425682,Station Wagon/Sport Utility Vehicle,Station Wagon/Sport Utility Vehicle,,,
04/01/2016,18:00,BROOKLYN,11221,40.697906,-73.9269,"(40.697906, -73.9269)",,,1260      MYRTLE AVENUE                 ,0,0,0,0,0,0,0,0,Unspecified,Unspecified,,,,3420527,4 dr sedan,,,,
04/01/2016,19:30,,,40.845432,-73.93658,"(40.845432, -73.93658)",,,SAINT NICHOLAS AVENUE                   ,0,0,0,0,0,0,0,0,Failure to Yield Right-of-Way,Unspecified,,,,3410571,Sedan,Sedan,,,
04/01/2016,18:50,,,40.626034,-73.98327,"(40.626034, -73.98327)",18 AVENUE                       ,53 STREET,,2,0,0,0,1,0,1,0,Failure to Yield Right-of-Way,Unspecified,,,,3415990,4 dr sedan,Bike,,,
04/01/2016,7:28,BROOKLYN,11226,40.65423,-73.95957,"(40.65423, -73.95957)",,,761       FLATBUSH AVENUE               ,0,0,0,0,0,0,0,0,Backing Unsafely,Passing or Lane Usage Improper,,,,3417380,4 dr sedan,Station Wagon/Sport Utility Vehicle,,,
04/01/2016,12:55,BROOKLYN,11233,40.67999,-73.908455,"(40.67999, -73.908455)",,,49        STONE AVENUE                  ,0,0,0,0,0,0,0,0,Unspecified,Unspecified,,,,3418376,2 dr sedan,2 dr sedan,,,
04/01/2016,7:56,BRONX,10451,40.813152,-73.92759,"(40.813152, -73.92759)",,,300       CANAL PLACE                   ,1,0,1,0,0,0,0,0,,,,,,3411023,4 dr sedan,,,,
04/01/2016,14:35,BRONX,10459,40.826397,-73.89031,"(40.826397, -73.89031)",,,1106      WEST FARMS ROAD               ,0,0,0,0,0,0,0,0,Passing Too Closely,Other Vehicular,,,,3411378,Station Wagon/Sport Utility Vehicle,4 dr sedan,,,
04/01/2016,12:23,,,40.621216,-73.93539,"(40.621216, -73.93539)",,,FLATBUSH AVENUE                         ,0,0,0,0,0,0,0,0,Backing Unsafely,Unspecified,,,,3415603,4 dr sedan,4 dr sedan,,,
04/01/2016,23:18,BRONX,10460,40.8374,-73.88775,"(40.8374, -73.88775)",,,1769      SOUTHERN BOULEVARD            ,0,0,0,0,0,0,0,0,Unspecified,Unspecified,Unspecified,,,3411589,4 dr sedan,4 dr sedan,4 dr sedan,,
04/01/2016,11:21,QUEENS,11436,40.66829,-73.796,"(40.66829, -73.796)",,,144-02    135 AVENUE                    ,0,0,0,0,0,0,0,0,Passing Too Closely,Unspecified,,,,3428367,Sedan,Station Wagon/Sport Utility Vehicle,,,
04/01/2016,9:07,MANHATTAN,10023,40.77574,-73.98086,"(40.77574, -73.98086)",,,116       WEST 69 STREET                ,0,0,0,0,0,0,0,0,Driver Inattention/Distraction,Driver Inattention/Distraction,,,,3409187,Station Wagon/Sport Utility Vehicle,Station Wagon/Sport Utility Vehicle,,,
04/01/2016,6:45,QUEENS,11414,40.66355,-73.84097,"(40.66355, -73.84097)",,,156-40    CROSS BAY BOULEVARD           ,0,0,0,0,0,0,0,0,Pavement Slippery,Pavement Slippery,,,,3424569,Station Wagon/Sport Utility Vehicle,4 dr sedan,,,
04/01/2016,14:55,,,40.823914,-73.87644,"(40.823914, -73.87644)",Bruckner Expy                   ,,,0,0,0,0,0,0,0,0,Following Too Closely,Unspecified,,,,3411886,Station Wagon/Sport Utility Vehicle,4 dr sedan,,,
04/01/2016,16:00,,,40.79382,-73.94512,"(40.79382, -73.94512)",Lexington Ave                   ,,,0,0,0,0,0,0,0,0,Following Too Closely,Unspecified,,,,3408699,Station Wagon/Sport Utility Vehicle,Taxi,,,
04/01/2016,22:18,BRONX,10463,40.868774,-73.907326,"(40.868774, -73.907326)",,,2580      HEATH AVENUE                  ,0,0,0,0,0,0,0,0,Passing or Lane Usage Improper,Unspecified,,,,3414267,Station Wagon/Sport Utility Vehicle,4 dr sedan,,,
04/01/2016,9:00,BROOKLYN,11206,40.70483,-73.93391,"(40.70483, -73.93391)",,,260       MOORE STREET                  ,0,0,0,0,0,0,0,0,Oversized Vehicle,Unspecified,,,,3421391,Station Wagon/Sport Utility Vehicle,,,,
04/01/2016,22:55,QUEENS,11354,40.76198,-73.829346,"(40.76198, -73.829346)",,,136-65    37 AVENUE                     ,0,0,0,0,0,0,0,0,Unsafe Speed,Passing or Lane Usage Improper,,,,3426340,2 dr sedan,Station Wagon/Sport Utility Vehicle,,,
04/01/2016,15:05,MANHATTAN,10065,40.76552,-73.9721,"(40.76552, -73.9721)",E 61st St                       ,,,0,0,0,0,0,0,0,0,Driver Inattention/Distraction,Unspecified,,,,3408701,4 dr sedan,Box Truck,,,
04/01/2016,18:00,,,40.59219,-73.97492,"(40.59219, -73.97492)",,,LAKE STREET                             ,0,0,0,0,0,0,0,0,Oversized Vehicle,Unspecified,,,,3414904,4 dr sedan,TRUCK,,,
04/01/2016,18:00,BROOKLYN,11220,40.639137,-74.02177,"(40.639137, -74.02177)",Gowanus Expy                    ,,,0,0,0,0,0,0,0,0,Alcohol Involvement,Unspecified,,,,3418059,Pick-up Truck,4 dr sedan,,,
04/01/2016,17:30,BROOKLYN,11238,40.68164,-73.95807,"(40.68164, -73.95807)",,,1091      FULTON STREET                 ,0,0,0,0,0,0,0,0,Following Too Closely,Unspecified,,,,3420089,4 dr sedan,4 dr sedan,,,
04/01/2016,15:50,,,40.787926,-73.79026,"(40.787926, -73.79026)",Cross Island Pkwy               ,,,0,0,0,0,0,0,0,0,Driver Inattention/Distraction,Unspecified,,,,3426330,4 dr sedan,4 dr sedan,,,
04/01/2016,17:00,BRONX,10468,40.860672,-73.903656,"(40.860672, -73.903656)",,,2368      DAVIDSON AVENUE               ,0,0,0,0,0,0,0,0,Driver Inattention/Distraction,Unspecified,,,,3414265,Bus,Station Wagon/Sport Utility Vehicle,,,
04/01/2016,16:10,QUEENS,11417,40.680798,-73.84511,"(40.680798, -73.84511)",,,94-05     ROCKAWAY BOULEVARD            ,0,0,0,0,0,0,0,0,Unspecified,Unspecified,,,,3424580,freig,4 dr sedan,,,
04/01/2016,5:50,QUEENS,11358,40.76694,-73.795555,"(40.76694, -73.795555)",,,33-34     170 STREET                    ,0,0,0,0,0,0,0,0,Alcohol Involvement,Unspecified,,,,3426325,4 dr sedan,Station Wagon/Sport Utility Vehicle,,,
04/01/2016,13:00,,,40.84481,-73.92579,"(40.84481, -73.92579)",Cross Bronx Expy                ,,,0,0,0,0,0,0,0,0,Driver Inattention/Distraction,Driver Inattention/Distraction,,,,3412904,4 dr sedan,Taxi,,,
04/01/2016,15:20,BROOKLYN,11210,40.627193,-73.94295,"(40.627193, -73.94295)",,,3402      AVENUE J                      ,0,0,0,0,0,0,0,0,Failure to Yield Right-of-Way,Unspecified,Unspecified,Unspecified,,3415615,4 dr sedan,4 dr sedan,4 dr sedan,4 dr sedan,
04/01/2016,16:00,,,40.83247,-73.838,"(40.83247, -73.838)",Hutchinson River Pkwy           ,,,3,0,0,0,0,0,3,0,Driver Inattention/Distraction,Unspecified,Unspecified,,,3412596,Station Wagon/Sport Utility Vehicle,4 dr sedan,4 dr sedan,,
04/01/2016,16:30,MANHATTAN,10019,40.763542,-73.98713,"(40.763542, -73.98713)",,,353       WEST 51 STREET                ,0,0,0,0,0,0,0,0,Unspecified,Unspecified,,,,3408231,4 dr sedan,4 dr sedan,,,
04/01/2016,13:58,MANHATTAN,10016,40.748177,-73.98474,"(40.748177, -73.98474)",,,347       5 AVENUE                      ,0,0,0,0,0,0,0,0,Unspecified,Unspecified,,,,3407307,Sedan,Sedan,,,
04/01/2016,14:15,MANHATTAN,10021,40.767155,-73.95352,"(40.767155, -73.95352)",,,1360      YORK AVENUE                   ,0,0,0,0,0,0,0,0,Passenger Distraction,Alcohol Involvement,,,,3408698,4 dr sedan,Bus,,,
04/01/2016,10:15,MANHATTAN,10018,40.754837,-73.98782,"(40.754837, -73.98782)",,,561       7 AVENUE                      ,2,0,0,0,0,0,2,0,Eating or Drinking,,,,,3407305,Taxi,,,,
04/01/2016,12:40,,,40.709625,-74.00143,"(40.709625, -74.00143)",BROOKLYN BRIDGE                 ,PARK ROW,,0,0,0,0,0,0,0,0,Pavement Slippery,Unspecified,,,,3405719,Taxi,Station Wagon/Sport Utility Vehicle,,,
04/01/2016,0:10,,,40.79465,-73.971794,"(40.79465, -73.971794)",,,WEST 96 STREET                          ,1,0,1,0,0,0,0,0,Unspecified,,,,,4022118,Bike,,,,
04/01/2016,17:00,,,40.76663,-73.88903,"(40.76663, -73.88903)",GRAND CENTRAL PKWY              ,,,1,0,0,0,0,0,1,0,Unspecified,Unspecified,,,,3429381,Sedan,Sedan,,,
04/01/2016,14:40,BROOKLYN,11214,40.595097,-74.00092,"(40.595097, -74.00092)",,,,0,0,0,0,0,0,0,0,Passing Too Closely,Unspecified,,,,3415266,4 dr sedan,4 dr sedan,,,
04/01/2016,8:30,,,40.686417,-73.84013,"(40.686417, -73.84013)",103rd St                        ,,,0,0,0,0,0,0,0,0,Passing Too Closely,Passing Too Closely,,,,3424570,4 dr sedan,Bus,,,
04/01/2016,14:30,MANHATTAN,10007,40.711994,-74.00811,"(40.711994, -74.00811)",BROADWAY                        ,BARCLAY STREET,,0,0,0,0,0,0,0,0,Passing Too Closely,Unspecified,,,,3405348,Taxi,Station Wagon/Sport Utility Vehicle,,,
04/01/2016,17:15,,,40.83176,-73.93543,"(40.83176, -73.93543)",Harlem River Dr W               ,,,0,0,0,0,0,0,0,0,Driver Inattention/Distraction,Unspecified,,,,3410364,4 dr sedan,Station Wagon/Sport Utility Vehicle,,,
04/01/2016,15:40,BROOKLYN,11213,40.66925,-73.93944,"(40.66925, -73.93944)",EASTERN PARKWAY                 ,ALBANY AVENUE,,0,0,0,0,0,0,0,0,Following Too Closely,Unspecified,,,,3419528,Refrigerated Van,4 dr sedan,,,
04/01/2016,16:30,,,40.854454,-73.919,"(40.854454, -73.919)",Major Deegan Expy               ,,,0,0,0,0,0,0,0,0,Following Too Closely,Unspecified,,,,3414264,4 dr sedan,Station Wagon/Sport Utility Vehicle,,,
04/01/2016,11:58,BROOKLYN,11230,40.62612,-73.95649,"(40.62612, -73.95649)",,,1490      OCEAN AVENUE                  ,0,0,0,0,0,0,0,0,Driver Inexperience,Unspecified,,,,3417382,4 dr sedan,Pick-up Truck,,,
04/01/2016,17:55,MANHATTAN,10019,40.76729,-73.98008,"(40.76729, -73.98008)",,,240       CENTRAL PARK SOUTH            ,0,0,0,0,0,0,0,0,Unspecified,Unspecified,,,,3408241,4 dr sedan,Station Wagon/Sport Utility Vehicle,,,
04/01/2016,14:45,,,40.607338,-73.96189,"(40.607338, -73.96189)",,,KINGS HIGHWAY                           ,0,0,0,0,0,0,0,0,Following Too Closely,Unspecified,,,,3414893,Station Wagon/Sport Utility Vehicle,Station Wagon/Sport Utility Vehicle,,,
04/01/2016,9:00,QUEENS,11421,40.689262,-73.847374,"(40.689262, -73.847374)",,,91-55     96 STREET                     ,0,0,0,0,0,0,0,0,Driver Inexperience,Unspecified,,,,3422329,4 dr sedan,4 dr sedan,,,
04/01/2016,18:40,,,40.852386,-73.90369,"(40.852386, -73.90369)",EAST BURNSIDE AVENUE            ,GRAND CONCOURSE,,1,0,1,0,0,0,0,0,Unspecified,,,,,3412907,4 dr sedan,,,,
04/01/2016,13:30,,,40.86226,-73.89589,"(40.86226, -73.89589)",,,VALENTINE AVENUE                        ,0,0,0,0,0,0,0,0,Turning Improperly,Unspecified,,,,3414268,4 dr sedan,4 dr sedan,,,
04/01/2016,16:40,BROOKLYN,11236,40.631874,-73.909225,"(40.631874, -73.909225)",,,1119      EAST 80 STREET                ,0,0,0,0,0,0,0,0,Driver Inattention/Distraction,Unspecified,,,,3417093,Box Truck,4 dr sedan,,,
04/01/2016,17:53,MANHATTAN,10018,40.758915,-73.9997,"(40.758915, -73.9997)",11 AVENUE                       ,WEST 39 STREET,,0,0,0,0,0,0,0,0,Passing Too Closely,Passing Too Closely,,,,3406609,4 dr sedan,Station Wagon/Sport Utility Vehicle,,,
04/01/2016,19:00,BROOKLYN,11224,40.574814,-73.98986,"(40.574814, -73.98986)",,,2964      WEST 23 STREET                ,1,0,1,0,0,0,0,0,Unspecified,,,,,3414584,4 dr sedan,,,,
04/01/2016,18:00,QUEENS,11385,40.70254,-73.85489,"(40.70254, -73.85489)",,,90-12     MYRTLE AVENUE                 ,0,0,0,0,0,0,0,0,Driver Inattention/Distraction,Unspecified,,,,3423298,Pick-up Truck,4 dr sedan,,,
04/01/2016,15:00,MANHATTAN,10030,40.818882,-73.9424,"(40.818882, -73.9424)",,,228       WEST 140 STREET               ,0,0,0,0,0,0,0,0,Unspecified,,,,,3410373,Station Wagon/Sport Utility Vehicle,,,,
04/01/2016,22:00,QUEENS,11369,40.75908,-73.86489,"(40.75908, -73.86489)",,,32-26     104 STREET                    ,0,0,0,0,0,0,0,0,Unspecified,,,,,3429382,Station Wagon/Sport Utility Vehicle,Box Truck,,,
04/01/2016,17:55,BRONX,10460,40.83759,-73.86626,"(40.83759, -73.86626)",,,1820      ARCHER STREET                 ,0,0,0,0,0,0,0,0,Passenger Distraction,Unspecified,,,,3411884,PK,Station Wagon/Sport Utility Vehicle,,,
04/01/2016,9:55,,,40.881687,-73.90283,"(40.881687, -73.90283)",,,BROADWAY                                ,0,0,0,0,0,0,0,0,Unspecified,Unspecified,,,,3414021,Station Wagon/Sport Utility Vehicle,Station Wagon/Sport Utility Vehicle,,,
04/01/2016,8:28,,,40.778812,-73.95609,"(40.778812, -73.95609)",,,EAST 85 STREET                          ,2,0,0,0,0,0,2,0,Following Too Closely,Unspecified,,,,3408691,Station Wagon/Sport Utility Vehicle,Flat Bed,,,
04/01/2016,15:45,MANHATTAN,10010,40.738796,-73.97716,"(40.738796, -73.97716)",EAST 26 STREET                  ,1 AVENUE,,0,0,0,0,0,0,0,0,Reaction to Uninvolved Vehicle,Traffic Control Disregarded,,,,3406945,4 dr sedan,Ambulance,,,
04/01/2016,19:15,MANHATTAN,10021,40.7685,-73.95768,"(40.7685, -73.95768)",,,320       EAST 72 STREET                ,0,0,0,0,0,0,0,0,Alcohol Involvement,Unspecified,,,,3408725,4 dr sedan,4 dr sedan,,,
04/01/2016,11:35,MANHATTAN,10011,40.74589,-73.99994,"(40.74589, -73.99994)",,,350       WEST 23 STREET                ,0,0,0,0,0,0,0,0,Other Vehicular,Unspecified,,,,3406582,4 dr sedan,2 dr sedan,,,
04/01/2016,22:30,STATEN ISLAND,10308,40.564327,-74.14832,"(40.564327, -74.14832)",,,215       TANGLEWOOD DRIVE              ,0,0,0,0,0,0,0,0,Driver Inattention/Distraction,Unspecified,,,,3430559,Pick-up Truck,,,,
04/01/2016,19:45,QUEENS,11374,40.729317,-73.86015,"(40.729317, -73.86015)",,,97-000    QUEENS BOULEVARD              ,0,0,0,0,0,0,0,0,Driver Inattention/Distraction,Following Too Closely,,,,3427954,Station Wagon/Sport Utility Vehicle,4 dr sedan,,,
04/01/2016,20:12,STATEN ISLAND,10304,40.62424,-74.080696,"(40.62424, -74.080696)",,,170       BROAD STREET                  ,0,0,0,0,0,0,0,0,Driver Inexperience,Unspecified,,,,3429720,4 dr sedan,,,,
04/01/2016,23:40,QUEENS,11378,40.717216,-73.90476,"(40.717216, -73.90476)",,,59-33     60 PLACE                      ,0,0,0,0,0,0,0,0,Unspecified,,,,,3423303,Station Wagon/Sport Utility Vehicle,Station Wagon/Sport Utility Vehicle,,,
04/01/2016,23:00,MANHATTAN,10012,40.721188,-73.99371,"(40.721188, -73.99371)",,,196       BOWERY                        ,0,0,0,0,0,0,0,0,Following Too Closely,Passing or Lane Usage Improper,,,,3405725,2 dr sedan,Taxi,,,
04/01/2016,18:44,MANHATTAN,10030,40.818707,-73.93812,"(40.818707, -73.93812)",,,102       WEST 142 STREET               ,0,0,0,0,0,0,0,0,Passing Too Closely,Unspecified,,,,3410365,4 dr sedan,4 dr sedan,,,
04/01/2016,21:45,QUEENS,11420,40.68013,-73.82114,"(40.68013, -73.82114)",LINDEN BOULEVARD                ,120 STREET,,2,0,0,0,0,0,2,0,Unspecified,,,,,3424585,4 dr sedan,,,,
04/01/2016,11:30,QUEENS,11421,40.692196,-73.857086,"(40.692196, -73.857086)",,,87-16     87 STREET                     ,0,0,0,0,0,0,0,0,Driver Inattention/Distraction,Unspecified,,,,3422354,Sedan,,,,
04/01/2016,7:35,BROOKLYN,11236,40.644745,-73.91099,"(40.644745, -73.91099)",,,971       REMSEN AVENUE                 ,0,0,0,0,0,0,0,0,Backing Unsafely,,,,,3417092,Bus,,,,
04/01/2016,10:00,BROOKLYN,11206,40.7086,-73.93786,"(40.7086, -73.93786)",,,259       MESEROLE STREET               ,0,0,0,0,0,0,0,0,Driver Inattention/Distraction,Unspecified,,,,3421386,4 dr sedan,LIFT,,,
04/01/2016,0:30,BROOKLYN,11212,40.65924,-73.923035,"(40.65924, -73.923035)",,,1055      CLARKSON AVENUE               ,0,0,0,0,0,0,0,0,Unspecified,,,,,3416318,4 dr sedan,,,,
04/01/2016,4:20,QUEENS,11432,40.711372,-73.80629,"(40.711372, -73.80629)",,,85-25     PARSONS BOULEVARD             ,2,0,0,0,0,0,2,0,Unspecified,,,,,3425092,4 dr sedan,,,,
04/01/2016,15:05,QUEENS,11369,40.761017,-73.869,"(40.761017, -73.869)",,,100-02    31 AVENUE                     ,0,0,0,0,0,0,0,0,Driver Inattention/Distraction,Unspecified,Unspecified,,,3429379,Station Wagon/Sport Utility Vehicle,Station Wagon/Sport Utility Vehicle,Bus,,
04/01/2016,14:00,,,40.733536,-73.87035,"(40.733536, -73.87035)",,,WOODHAVEN BOULEVARD                     ,0,0,0,0,0,0,0,0,Driver Inattention/Distraction,Unspecified,,,,3427007,Flat Bed,4 dr sedan,,,
04/01/2016,8:25,,,40.608433,-74.15544,"(40.608433, -74.15544)",,,VICTORY BOULEVARD                       ,0,0,0,0,0,0,0,0,Unspecified,,,,,3430096,2 dr sedan,4 dr sedan,,,
04/01/2016,22:30,BROOKLYN,11207,40.668304,-73.89691,"(40.668304, -73.89691)",,,340       GEORGIA AVENUE                ,0,0,0,0,0,0,0,0,Unspecified,,,,,3418982,4 dr sedan,,,,
04/01/2016,18:00,BROOKLYN,11215,40.676582,-73.983,"(40.676582, -73.983)",,,586       PRESIDENT STREET              ,0,0,0,0,0,0,0,0,Passing Too Closely,Unspecified,,,,3419802,Station Wagon/Sport Utility Vehicle,,,,
04/01/2016,23:50,MANHATTAN,10029,40.7952,-73.94623,"(40.7952, -73.94623)",PARK AVENUE                     ,EAST 110 STREET,,1,0,0,0,1,0,0,0,Pedestrian/Bicyclist/Other Pedestrian Error/Confusion,Unspecified,,,,3409456,Bike,Station Wagon/Sport Utility Vehicle,,,
04/01/2016,6:30,,,40.710117,-73.81894,"(40.710117, -73.81894)",,,MAIN STREET                             ,1,0,0,0,0,0,1,0,Pavement Slippery,Unspecified,Unspecified,Unspecified,Unspecified,3425094,4 dr sedan,Station Wagon/Sport Utility Vehicle,Station Wagon/Sport Utility Vehicle,Sedan,2 dr sedan
04/01/2016,9:09,BRONX,10469,40.864002,-73.834045,"(40.864002, -73.834045)",,,1806      EAST GUN HILL ROAD            ,0,0,0,0,0,0,0,0,Unspecified,Unspecified,,,,3444702,PK,PK,,,
04/01/2016,15:46,BRONX,10452,40.82825,-73.92348,"(40.82825, -73.92348)",,,923       WALTON AVENUE                 ,0,0,0,0,0,0,0,0,Unsafe Lane Changing,Unspecified,,,,3412270,Bus,Station Wagon/Sport Utility Vehicle,,,
04/01/2016,20:30,QUEENS,11436,40.675747,-73.79157,"(40.675747, -73.79157)",147 STREET                      ,123 AVENUE,,0,0,0,0,0,0,0,0,Driver Inattention/Distraction,Unspecified,Unspecified,,,3428372,Station Wagon/Sport Utility Vehicle,Sedan,Station Wagon/Sport Utility Vehicle,,
04/01/2016,13:10,BROOKLYN,11212,40.659336,-73.90907,"(40.659336, -73.90907)",CHESTER STREET                  ,NEWPORT STREET,,0,0,0,0,0,0,0,0,80,Unspecified,,,,3418378,4 dr sedan,Box Truck,,,
04/01/2016,0:50,,,40.739998,-73.94761,"(40.739998, -73.94761)",,,BORDEN AVENUE                           ,1,0,0,0,0,0,0,0,Unspecified,Unspecified,Unspecified,,,3425665,,,,,
04/01/2016,7:30,MANHATTAN,10039,40.827633,-73.93577,"(40.827633, -73.93577)",WEST 154 STREET                 ,MACOMBS PLACE,,0,0,0,0,0,0,0,0,Other Vehicular,Unspecified,,,,3448700,Bus,Station Wagon/Sport Utility Vehicle,,,
04/01/2016,16:10,BROOKLYN,11235,40.587055,-73.96608,"(40.587055, -73.96608)",,,2580      OCEAN PARKWAY                 ,0,0,0,0,0,0,0,0,Unsafe Speed,Unspecified,Unspecified,Unspecified,,4022140,Station Wagon/Sport Utility Vehicle,Station Wagon/Sport Utility Vehicle,4 dr sedan,Station Wagon/Sport Utility Vehicle,
04/01/2016,18:15,QUEENS,11385,40.692726,-73.8949,"(40.692726, -73.8949)",,,80-83     CYPRESS AVENUE                ,0,0,0,0,0,0,0,0,Pavement Slippery,Unspecified,,,,3423302,Station Wagon/Sport Utility Vehicle,Station Wagon/Sport Utility Vehicle,,,
04/01/2016,3:45,QUEENS,11421,40.69125,-73.85087,"(40.69125, -73.85087)",WOODHAVEN BOULEVARD             ,89 AVENUE,,0,0,0,0,0,0,0,0,Unspecified,Unspecified,,,,3422326,Sedan,Taxi,,,
04/01/2016,10:04,,,40.7681,-73.90512,"(40.7681, -73.90512)",Grand Central Pkwy              ,,,0,0,0,0,0,0,0,0,Pavement Slippery,Pavement Slippery,,,,3427446,4 dr sedan,Station Wagon/Sport Utility Vehicle,,,
04/01/2016,16:25,QUEENS,11694,40.586067,-73.82263,"(40.586067, -73.82263)",,,100-00    BEACH CHANNEL DRIVE           ,0,0,0,0,0,0,0,0,Unspecified,,,,,3421978,4 dr sedan,,,,
04/01/2016,14:30,,,40.683792,-73.84767,"(40.683792, -73.84767)",,,101 AVENUE                              ,1,0,1,0,0,0,0,0,Unspecified,,,,,3422330,4 dr sedan,,,,
